"ppm","dose","sex","mean","sd","number","X2"
0,0,1,704,124.7,33,21.7074836976755
10,0.5,1,739,140.5,35,23.7488345578713
70,3.5,1,742,97.7,40,15.4477263699225
500,25,1,646,119.4,41,18.6471471694996
1000,50,1,572,97,49,13.8571428571429
0,0,2,496,105.7,37,17.3769729581763
10,0.5,2,477,132.6,33,23.0826971797255
70,3.5,2,480,106.8,32,18.8797510576808
500,25,2,402,106.8,27,20.5536695831507
1000,50,2,361,81.1,20,18.1345112975233
